{
  "hash": "99d73663",
  "configHash": "2c7355e6",
  "lockfileHash": "91dd4bee",
  "browserHash": "d7ad53e3",
  "optimized": {
    "@angular/core": {
      "src": "../../../../../../node_modules/@angular/core/fesm2022/core.mjs",
      "file": "@angular_core.js",
      "fileHash": "4e9f42e4",
      "needsInterop": false
    },
    "@angular/platform-browser": {
      "src": "../../../../../../node_modules/@angular/platform-browser/fesm2022/platform-browser.mjs",
      "file": "@angular_platform-browser.js",
      "fileHash": "2afa6321",
      "needsInterop": false
    },
    "@angular/router": {
      "src": "../../../../../../node_modules/@angular/router/fesm2022/router.mjs",
      "file": "@angular_router.js",
      "fileHash": "882aa9d3",
      "needsInterop": false
    },
    "@angular/platform-browser/animations/async": {
      "src": "../../../../../../node_modules/@angular/platform-browser/fesm2022/animations/async.mjs",
      "file": "@angular_platform-browser_animations_async.js",
      "fileHash": "e91bb2ee",
      "needsInterop": false
    },
    "@angular/material/toolbar": {
      "src": "../../../../../../node_modules/@angular/material/fesm2022/toolbar.mjs",
      "file": "@angular_material_toolbar.js",
      "fileHash": "6429a8d5",
      "needsInterop": false
    },
    "@angular/material/button": {
      "src": "../../../../../../node_modules/@angular/material/fesm2022/button.mjs",
      "file": "@angular_material_button.js",
      "fileHash": "0aab7bc2",
      "needsInterop": false
    },
    "@angular/material/icon": {
      "src": "../../../../../../node_modules/@angular/material/fesm2022/icon.mjs",
      "file": "@angular_material_icon.js",
      "fileHash": "8cf14031",
      "needsInterop": false
    },
    "@angular/common/http": {
      "src": "../../../../../../node_modules/@angular/common/fesm2022/http.mjs",
      "file": "@angular_common_http.js",
      "fileHash": "c1d4a403",
      "needsInterop": false
    },
    "@angular/forms": {
      "src": "../../../../../../node_modules/@angular/forms/fesm2022/forms.mjs",
      "file": "@angular_forms.js",
      "fileHash": "7944b55c",
      "needsInterop": false
    },
    "@angular/material/form-field": {
      "src": "../../../../../../node_modules/@angular/material/fesm2022/form-field.mjs",
      "file": "@angular_material_form-field.js",
      "fileHash": "d4edbe4e",
      "needsInterop": false
    },
    "@angular/material/input": {
      "src": "../../../../../../node_modules/@angular/material/fesm2022/input.mjs",
      "file": "@angular_material_input.js",
      "fileHash": "938d9ae0",
      "needsInterop": false
    },
    "@angular/material/card": {
      "src": "../../../../../../node_modules/@angular/material/fesm2022/card.mjs",
      "file": "@angular_material_card.js",
      "fileHash": "74dd5fb6",
      "needsInterop": false
    }
  },
  "chunks": {
    "chunk-LTXEEEPW": {
      "file": "chunk-LTXEEEPW.js"
    },
    "browser-RVGQ4MVL": {
      "file": "browser-RVGQ4MVL.js"
    },
    "chunk-2YZ6KLXR": {
      "file": "chunk-2YZ6KLXR.js"
    },
    "chunk-ROXFCQ7X": {
      "file": "chunk-ROXFCQ7X.js"
    },
    "chunk-5DRONDEH": {
      "file": "chunk-5DRONDEH.js"
    },
    "chunk-MUK32EPR": {
      "file": "chunk-MUK32EPR.js"
    },
    "chunk-BYMA5OY7": {
      "file": "chunk-BYMA5OY7.js"
    },
    "chunk-GVBZT4DL": {
      "file": "chunk-GVBZT4DL.js"
    },
    "chunk-IZF47BYG": {
      "file": "chunk-IZF47BYG.js"
    }
  }
}